{
    "name": "root",
    "gauges": {
        "Crawler.Policy.Entropy.mean": {
            "value": 1.2329113483428955,
            "min": 1.2329113483428955,
            "max": 1.2643769979476929,
            "count": 1020
        },
        "Crawler.Policy.Entropy.sum": {
            "value": 1269.898681640625,
            "min": 1160.22119140625,
            "max": 1332.034912109375,
            "count": 1020
        },
        "Crawler.Step.mean": {
            "value": 6019996.0,
            "min": 5000939.0,
            "max": 6019996.0,
            "count": 1020
        },
        "Crawler.Step.sum": {
            "value": 6019996.0,
            "min": 5000939.0,
            "max": 6019996.0,
            "count": 1020
        },
        "Crawler.Policy.ExtrinsicValueEstimate.mean": {
            "value": 66.43207550048828,
            "min": 11.340593338012695,
            "max": 185.5719451904297,
            "count": 1020
        },
        "Crawler.Policy.ExtrinsicValueEstimate.sum": {
            "value": 1195.77734375,
            "min": 187.39227294921875,
            "max": 2969.151123046875,
            "count": 1020
        },
        "Crawler.Environment.EpisodeLength.mean": {
            "value": 385.0,
            "min": 227.5,
            "max": 999.0,
            "count": 1019
        },
        "Crawler.Environment.EpisodeLength.sum": {
            "value": 1155.0,
            "min": 283.0,
            "max": 1955.0,
            "count": 1019
        },
        "Crawler.Environment.CumulativeReward.mean": {
            "value": 334.46953837076825,
            "min": 46.55353486537933,
            "max": 2002.1595611572266,
            "count": 1020
        },
        "Crawler.Environment.CumulativeReward.sum": {
            "value": 1003.4086151123047,
            "min": 46.55353486537933,
            "max": 2627.5896577835083,
            "count": 1020
        },
        "Crawler.Policy.ExtrinsicReward.mean": {
            "value": 334.46953837076825,
            "min": 46.55353486537933,
            "max": 2002.1595611572266,
            "count": 1020
        },
        "Crawler.Policy.ExtrinsicReward.sum": {
            "value": 1003.4086151123047,
            "min": 46.55353486537933,
            "max": 2627.5896577835083,
            "count": 1020
        },
        "Crawler.IsTraining.mean": {
            "value": 1.0,
            "min": 1.0,
            "max": 1.0,
            "count": 1020
        },
        "Crawler.IsTraining.sum": {
            "value": 1.0,
            "min": 1.0,
            "max": 1.0,
            "count": 1020
        },
        "Crawler.Losses.PolicyLoss.mean": {
            "value": 0.025881349140157304,
            "min": 0.014599195103316257,
            "max": 0.032218970948209365,
            "count": 99
        },
        "Crawler.Losses.PolicyLoss.sum": {
            "value": 0.025881349140157304,
            "min": 0.014599195103316257,
            "max": 0.032218970948209365,
            "count": 99
        },
        "Crawler.Losses.ValueLoss.mean": {
            "value": 12.258297363917032,
            "min": 3.6361669301986694,
            "max": 48.850739097595216,
            "count": 99
        },
        "Crawler.Losses.ValueLoss.sum": {
            "value": 12.258297363917032,
            "min": 3.6361669301986694,
            "max": 48.850739097595216,
            "count": 99
        },
        "Crawler.Policy.LearningRate.mean": {
            "value": 0.00011949096016970001,
            "min": 0.00011949096016970001,
            "max": 0.00014969054010317,
            "count": 99
        },
        "Crawler.Policy.LearningRate.sum": {
            "value": 0.00011949096016970001,
            "min": 0.00011949096016970001,
            "max": 0.00014969054010317,
            "count": 99
        },
        "Crawler.Policy.Epsilon.mean": {
            "value": 0.1398303,
            "min": 0.1398303,
            "max": 0.14989683000000004,
            "count": 99
        },
        "Crawler.Policy.Epsilon.sum": {
            "value": 0.1398303,
            "min": 0.1398303,
            "max": 0.14989683000000004,
            "count": 99
        },
        "Crawler.Policy.Beta.mean": {
            "value": 0.00199753197,
            "min": 0.00199753197,
            "max": 0.0024998518170000015,
            "count": 99
        },
        "Crawler.Policy.Beta.sum": {
            "value": 0.00199753197,
            "min": 0.00199753197,
            "max": 0.0024998518170000015,
            "count": 99
        }
    },
    "metadata": {
        "timer_format_version": "0.1.0",
        "start_time_seconds": "1763763260",
        "python_version": "3.10.12 | packaged by Anaconda, Inc. | (main, Jul  5 2023, 19:01:18) [MSC v.1916 64 bit (AMD64)]",
        "command_line_arguments": "C:\\Users\\dekum\\miniconda3\\envs\\mlagents\\Scripts\\mlagents-learn config/soloCrawler.yaml --run-id=soloCrawler --no-graphics --env=C:\\Users\\dekum\\OneDrive\\Escritorio\\Trabajo\\Proyecto_RL\\builds\\build_V1\\My project.exe --torch-device cuda --resume",
        "mlagents_version": "1.2.0.dev0",
        "mlagents_envs_version": "1.2.0.dev0",
        "communication_protocol_version": "1.5.0",
        "pytorch_version": "2.5.1+cu121",
        "numpy_version": "1.23.5",
        "end_time_seconds": "1763769590"
    },
    "total": 6329.953490899999,
    "count": 1,
    "self": 0.21691560000181198,
    "children": {
        "run_training.setup": {
            "total": 0.09981779999361606,
            "count": 1,
            "self": 0.09981779999361606
        },
        "TrainerController.start_learning": {
            "total": 6329.636757500004,
            "count": 1,
            "self": 17.05545460248686,
            "children": {
                "TrainerController._reset_env": {
                    "total": 7.292584299997543,
                    "count": 1,
                    "self": 7.292584299997543
                },
                "TrainerController.advance": {
                    "total": 6305.2470815975175,
                    "count": 1021889,
                    "self": 15.5599655956903,
                    "children": {
                        "env_step": {
                            "total": 5966.120375998646,
                            "count": 1021889,
                            "self": 2713.2121463908115,
                            "children": {
                                "SubprocessEnvManager._take_step": {
                                    "total": 3242.4325974038657,
                                    "count": 1021889,
                                    "self": 50.8315808041516,
                                    "children": {
                                        "TorchPolicy.evaluate": {
                                            "total": 3191.601016599714,
                                            "count": 1020603,
                                            "self": 3191.601016599714
                                        }
                                    }
                                },
                                "workers": {
                                    "total": 10.475632203968416,
                                    "count": 1021888,
                                    "self": 0.0,
                                    "children": {
                                        "worker_root": {
                                            "total": 6301.342990198682,
                                            "count": 1021888,
                                            "is_parallel": true,
                                            "self": 4394.590328294813,
                                            "children": {
                                                "steps_from_proto": {
                                                    "total": 0.00038389999826904386,
                                                    "count": 1,