{
    "name": "root",
    "gauges": {
        "Worm.Policy.Entropy.mean": {
            "value": 1.0063716173171997,
            "min": 1.0063716173171997,
            "max": 1.2923334836959839,
            "count": 776
        },
        "Worm.Policy.Entropy.sum": {
            "value": 1006.37158203125,
            "min": 413.5467224121094,
            "max": 1292.33349609375,
            "count": 776
        },
        "Worm.Step.mean": {
            "value": 1658984.0,
            "min": 883984.0,
            "max": 1658984.0,
            "count": 776
        },
        "Worm.Step.sum": {
            "value": 1658984.0,
            "min": 883984.0,
            "max": 1658984.0,
            "count": 776
        },
        "Worm.Policy.ExtrinsicValueEstimate.mean": {
            "value": 99.70403289794922,
            "min": 44.806541442871094,
            "max": 99.70403289794922,
            "count": 776
        },
        "Worm.Policy.ExtrinsicValueEstimate.sum": {
            "value": 1595.2645263671875,
            "min": 180.0140838623047,
            "max": 1595.2645263671875,
            "count": 776
        },
        "Worm.IsTraining.mean": {
            "value": 1.0,
            "min": 1.0,
            "max": 1.0,
            "count": 776
        },
        "Worm.IsTraining.sum": {
            "value": 1.0,
            "min": 1.0,
            "max": 1.0,
            "count": 776
        },
        "Crawler.Policy.Entropy.mean": {
            "value": 1.397638201713562,
            "min": 1.397638201713562,
            "max": 1.4255753755569458,
            "count": 776
        },
        "Crawler.Policy.Entropy.sum": {
            "value": 1334.7445068359375,
            "min": 464.737548828125,
            "max": 1501.568603515625,
            "count": 776
        },
        "Crawler.Step.mean": {
            "value": 1658963.0,
            "min": 883996.0,
            "max": 1658963.0,
            "count": 776
        },
        "Crawler.Step.sum": {
            "value": 1658963.0,
            "min": 883996.0,
            "max": 1658963.0,
            "count": 776
        },
        "Crawler.Policy.ExtrinsicValueEstimate.mean": {
            "value": 20.4365291595459,
            "min": -6.100472450256348,
            "max": 208.28427124023438,
            "count": 776
        },
        "Crawler.Policy.ExtrinsicValueEstimate.sum": {
            "value": 326.9844665527344,
            "min": -97.60755920410156,
            "max": 3332.54833984375,
            "count": 776
        },
        "Crawler.Environment.EpisodeLength.mean": {
            "value": 508.5,
            "min": 69.0,
            "max": 999.0,
            "count": 773
        },
        "Crawler.Environment.EpisodeLength.sum": {
            "value": 1017.0,
            "min": 69.0,
            "max": 1912.0,
            "count": 773
        },
        "Crawler.Environment.CumulativeReward.mean": {
            "value": 45.72136688232422,
            "min": 1.955195590853691,
            "max": 2932.297149658203,
            "count": 776
        },
        "Crawler.Environment.CumulativeReward.sum": {
            "value": 45.72136688232422,
            "min": 1.955195590853691,
            "max": 3596.1493232250214,
            "count": 776
        },
        "Crawler.Policy.ExtrinsicReward.mean": {
            "value": 45.72136688232422,
            "min": 1.955195590853691,
            "max": 2932.297149658203,
            "count": 776
        },
        "Crawler.Policy.ExtrinsicReward.sum": {
            "value": 45.72136688232422,
            "min": 1.955195590853691,
            "max": 3596.1493232250214,
            "count": 776
        },
        "Crawler.IsTraining.mean": {
            "value": 1.0,
            "min": 1.0,
            "max": 1.0,
            "count": 776
        },
        "Crawler.IsTraining.sum": {
            "value": 1.0,
            "min": 1.0,
            "max": 1.0,
            "count": 776
        },
        "Worm.Environment.EpisodeLength.mean": {
            "value": 999.0,
            "min": 999.0,
            "max": 999.0,
            "count": 775
        },
        "Worm.Environment.EpisodeLength.sum": {
            "value": 999.0,
            "min": 999.0,
            "max": 999.0,
            "count": 775
        },
        "Worm.Environment.CumulativeReward.mean": {
            "value": 1034.7042541503906,
            "min": 469.9432621002197,
            "max": 1067.1067123413086,
            "count": 775
        },
        "Worm.Environment.CumulativeReward.sum": {
            "value": 1034.7042541503906,
            "min": 469.9432621002197,
            "max": 1067.1067123413086,
            "count": 775
        },
        "Worm.Policy.ExtrinsicReward.mean": {
            "value": 1034.7042541503906,
            "min": 469.9432621002197,
            "max": 1067.1067123413086,
            "count": 775
        },
        "Worm.Policy.ExtrinsicReward.sum": {
            "value": 1034.7042541503906,
            "min": 469.9432621002197,
            "max": 1067.1067123413086,
            "count": 775
        },
        "Worm.Losses.PolicyLoss.mean": {
            "value": 0.023830148166355987,
            "min": 0.015550421269775445,
            "max": 0.029966356935134778,
            "count": 75
        },
        "Worm.Losses.PolicyLoss.sum": {
            "value": 0.023830148166355987,
            "min": 0.015550421269775445,
            "max": 0.029966356935134778,
            "count": 75
        },
        "Worm.Losses.ValueLoss.mean": {
            "value": 6.898428805669149,
            "min": 4.185689345995585,
            "max": 8.824624061584473,
            "count": 75
        },
        "Worm.Losses.ValueLoss.sum": {
            "value": 6.898428805669149,
            "min": 4.185689345995585,
            "max": 8.824624061584473,
            "count": 75
        },
        "Worm.Policy.LearningRate.mean": {
            "value": 0.00029503893765368805,
            "min": 0.00029503893765368805,
            "max": 0.00029731804889398394,
            "count": 75
        },
        "Worm.Policy.LearningRate.sum": {
            "value": 0.00029503893765368805,
            "min": 0.00029503893765368805,
            "max": 0.00029731804889398394,
            "count": 75
        },
        "Worm.Policy.Epsilon.mean": {
            "value": 0.19834631200000002,
            "min": 0.19834631200000002,
            "max": 0.199106016,
            "count": 75
        },
        "Worm.Policy.Epsilon.sum": {
            "value": 0.19834631200000002,
            "min": 0.19834631200000002,
            "max": 0.199106016,
            "count": 75
        },
        "Worm.Policy.Beta.mean": {
            "value": 0.004917480968800001,
            "min": 0.004917480968800001,
            "max": 0.004955390198399999,
            "count": 75
        },
        "Worm.Policy.Beta.sum": {
            "value": 0.004917480968800001,
            "min": 0.004917480968800001,
            "max": 0.004955390198399999,
            "count": 75
        },
        "Crawler.Losses.PolicyLoss.mean": {
            "value": 0.0275685842828049,
            "min": 0.015892618463840335,
            "max": 0.037533172417897734,
            "count": 75
        },
        "Crawler.Losses.PolicyLoss.sum": {
            "value": 0.0275685842828049,
            "min": 0.015892618463840335,
            "max": 0.037533172417897734,
            "count": 75
        },
        "Crawler.Losses.ValueLoss.mean": {
            "value": 201.65894622802733,
            "min": 124.87127685546875,
            "max": 407.0075978597005,
            "count": 75
        },
        "Crawler.Losses.ValueLoss.sum": {
            "value": 201.65894622802733,
            "min": 124.87127685546875,
            "max": 407.0075978597005,
            "count": 75
        },
        "Crawler.Policy.LearningRate.mean": {
            "value": 0.00029503907865364103,