{
    "name": "root",
    "gauges": {
        "Worm.Policy.Entropy.mean": {
            "value": 1.4217660427093506,
            "min": 1.4189382791519165,
            "max": 1.4217660427093506,
            "count": 13
        },
        "Worm.Policy.Entropy.sum": {
            "value": 1421.7659912109375,
            "min": 1418.938232421875,
            "max": 1421.7659912109375,
            "count": 13
        },
        "Worm.Step.mean": {
            "value": 12960.0,
            "min": 960.0,
            "max": 12960.0,
            "count": 13
        },
        "Worm.Step.sum": {
            "value": 12960.0,
            "min": 960.0,
            "max": 12960.0,
            "count": 13
        },
        "Worm.Policy.ExtrinsicValueEstimate.mean": {
            "value": 0.44473201036453247,
            "min": 0.30380627512931824,
            "max": 0.44473201036453247,
            "count": 13
        },
        "Worm.Policy.ExtrinsicValueEstimate.sum": {
            "value": 7.1157121658325195,
            "min": 4.860900402069092,
            "max": 7.1157121658325195,
            "count": 13
        },
        "Worm.Environment.EpisodeLength.mean": {
            "value": 999.0,
            "min": 999.0,
            "max": 999.0,
            "count": 13
        },
        "Worm.Environment.EpisodeLength.sum": {
            "value": 999.0,
            "min": 999.0,
            "max": 999.0,
            "count": 13
        },
        "Worm.IsTraining.mean": {
            "value": 1.0,
            "min": 1.0,
            "max": 1.0,
            "count": 13
        },
        "Worm.IsTraining.sum": {
            "value": 1.0,
            "min": 1.0,
            "max": 1.0,
            "count": 13
        },
        "Crawler.Policy.Entropy.mean": {
            "value": 1.4195488691329956,
            "min": 1.418938159942627,
            "max": 1.4195488691329956,
            "count": 13
        },
        "Crawler.Policy.Entropy.sum": {
            "value": 1419.548828125,
            "min": 1414.681396484375,
            "max": 1424.614013671875,
            "count": 13
        },
        "Crawler.Environment.EpisodeLength.mean": {
            "value": 4.9171597633136095,
            "min": 4.8313953488372094,
            "max": 5.0,
            "count": 13
        },
        "Crawler.Environment.EpisodeLength.sum": {
            "value": 831.0,
            "min": 827.0,
            "max": 835.0,
            "count": 13
        },
        "Crawler.Step.mean": {
            "value": 12998.0,
            "min": 998.0,
            "max": 12998.0,
            "count": 13
        },
        "Crawler.Step.sum": {
            "value": 12998.0,
            "min": 998.0,
            "max": 12998.0,
            "count": 13
        },
        "Crawler.Policy.ExtrinsicValueEstimate.mean": {
            "value": -0.8745813965797424,
            "min": -0.8745813965797424,
            "max": -0.3519832193851471,
            "count": 13
        },
        "Crawler.Policy.ExtrinsicValueEstimate.sum": {
            "value": -147.80426025390625,
            "min": -148.25308227539062,
            "max": -59.8371467590332,
            "count": 13
        },
        "Crawler.Environment.CumulativeReward.mean": {
            "value": -0.9955021629672078,
            "min": -0.9975893667270971,
            "max": -0.9824423670063357,
            "count": 13
        },
        "Crawler.Environment.CumulativeReward.sum": {
            "value": -168.23986554145813,
            "min": -171.5853710770607,
            "max": -165.56432503461838,
            "count": 13
        },
        "Crawler.Policy.ExtrinsicReward.mean": {
            "value": -0.9955021629672078,
            "min": -0.9975893667270971,
            "max": -0.9824423670063357,
            "count": 13
        },
        "Crawler.Policy.ExtrinsicReward.sum": {
            "value": -168.23986554145813,
            "min": -171.5853710770607,
            "max": -165.56432503461838,
            "count": 13
        },
        "Crawler.IsTraining.mean": {
            "value": 1.0,
            "min": 1.0,
            "max": 1.0,
            "count": 13
        },
        "Crawler.IsTraining.sum": {
            "value": 1.0,
            "min": 1.0,
            "max": 1.0,
            "count": 13
        },
        "Worm.Environment.CumulativeReward.mean": {
            "value": 7.484898746013641,
            "min": 7.484898746013641,
            "max": 11.748736590147018,
            "count": 12
        },
        "Worm.Environment.CumulativeReward.sum": {
            "value": 7.484898746013641,
            "min": 7.484898746013641,
            "max": 11.748736590147018,
            "count": 12
        },
        "Worm.Policy.ExtrinsicReward.mean": {
            "value": 7.484898746013641,
            "min": 7.484898746013641,
            "max": 11.748736590147018,
            "count": 12
        },
        "Worm.Policy.ExtrinsicReward.sum": {
            "value": 7.484898746013641,
            "min": 7.484898746013641,
            "max": 11.748736590147018,
            "count": 12
        },
        "Worm.Losses.PolicyLoss.mean": {
            "value": 0.022301303742763897,
            "min": 0.022301303742763897,
            "max": 0.022301303742763897,
            "count": 1
        },
        "Worm.Losses.PolicyLoss.sum": {
            "value": 0.022301303742763897,
            "min": 0.022301303742763897,
            "max": 0.022301303742763897,
            "count": 1
        },
        "Worm.Losses.ValueLoss.mean": {
            "value": 0.124693580220143,
            "min": 0.124693580220143,
            "max": 0.124693580220143,
            "count": 1
        },
        "Worm.Losses.ValueLoss.sum": {
            "value": 0.124693580220143,
            "min": 0.124693580220143,
            "max": 0.124693580220143,
            "count": 1
        },
        "Worm.Policy.LearningRate.mean": {
            "value": 0.00029384640205119995,
            "min": 0.00029384640205119995,
            "max": 0.00029384640205119995,
            "count": 1
        },
        "Worm.Policy.LearningRate.sum": {
            "value": 0.00029384640205119995,
            "min": 0.00029384640205119995,
            "max": 0.00029384640205119995,
            "count": 1
        },
        "Worm.Policy.Epsilon.mean": {
            "value": 0.19794879999999995,
            "min": 0.19794879999999995,
            "max": 0.19794879999999995,
            "count": 1
        },
        "Worm.Policy.Epsilon.sum": {
            "value": 0.19794879999999995,
            "min": 0.19794879999999995,
            "max": 0.19794879999999995,
            "count": 1
        },
        "Worm.Policy.Beta.mean": {
            "value": 0.004897645119999999,
            "min": 0.004897645119999999,
            "max": 0.004897645119999999,
            "count": 1
        },
        "Worm.Policy.Beta.sum": {
            "value": 0.004897645119999999,
            "min": 0.004897645119999999,
            "max": 0.004897645119999999,
            "count": 1
        },
        "Crawler.Losses.PolicyLoss.mean": {
            "value": 0.029401133900197843,
            "min": 0.029401133900197843,
            "max": 0.029401133900197843,
            "count": 1
        },
        "Crawler.Losses.PolicyLoss.sum": {
            "value": 0.029401133900197843,
            "min": 0.029401133900197843,
            "max": 0.029401133900197843,
            "count": 1
        },
        "Crawler.Losses.ValueLoss.mean": {
            "value": 0.07735804142430425,
            "min": 0.07735804142430425,
            "max": 0.07735804142430425,
            "count": 1
        },
        "Crawler.Losses.ValueLoss.sum": {
            "value": 0.07735804142430425,
            "min": 0.07735804142430425,
            "max": 0.07735804142430425,
            "count": 1
        },
        "Crawler.Policy.LearningRate.mean": {
            "value": 0.0002938548020483999,