{
    "name": "root",
    "gauges": {
        "Worm.Policy.Entropy.mean": {
            "value": 1.4189382791519165,
            "min": 1.4189382791519165,
            "max": 1.4189382791519165,
            "count": 3
        },
        "Worm.Policy.Entropy.sum": {
            "value": 1418.938232421875,
            "min": 1418.938232421875,
            "max": 1485.62841796875,
            "count": 3
        },
        "Worm.Step.mean": {
            "value": 2983.0,
            "min": 960.0,
            "max": 2983.0,
            "count": 3
        },
        "Worm.Step.sum": {
            "value": 2983.0,
            "min": 960.0,
            "max": 2983.0,
            "count": 3
        },
        "Worm.Policy.ExtrinsicValueEstimate.mean": {
            "value": -0.714453399181366,
            "min": -0.7162930369377136,
            "max": -0.6578611135482788,
            "count": 3
        },
        "Worm.Policy.ExtrinsicValueEstimate.sum": {
            "value": -11.431254386901855,
            "min": -13.609567642211914,
            "max": -9.86791706085205,
            "count": 3
        },
        "Worm.Environment.EpisodeLength.mean": {
            "value": 999.0,
            "min": 84.75,
            "max": 999.0,
            "count": 3
        },
        "Worm.Environment.EpisodeLength.sum": {
            "value": 999.0,
            "min": 339.0,
            "max": 999.0,
            "count": 3
        },
        "Worm.IsTraining.mean": {
            "value": 1.0,
            "min": 1.0,
            "max": 1.0,
            "count": 3
        },
        "Worm.IsTraining.sum": {
            "value": 1.0,
            "min": 1.0,
            "max": 1.0,
            "count": 3
        },
        "Crawler.Policy.Entropy.mean": {
            "value": 1.4189382791519165,
            "min": 1.418938159942627,
            "max": 1.4189382791519165,
            "count": 3
        },
        "Crawler.Policy.Entropy.sum": {
            "value": 1420.357177734375,
            "min": 1416.100341796875,
            "max": 1421.776123046875,
            "count": 3
        },
        "Crawler.Environment.EpisodeLength.mean": {
            "value": 7.411764705882353,
            "min": 7.38655462184874,
            "max": 7.420168067226891,
            "count": 3
        },
        "Crawler.Environment.EpisodeLength.sum": {
            "value": 882.0,
            "min": 879.0,
            "max": 883.0,
            "count": 3
        },
        "Crawler.Step.mean": {
            "value": 2992.0,
            "min": 994.0,
            "max": 2992.0,
            "count": 3
        },
        "Crawler.Step.sum": {
            "value": 2992.0,
            "min": 994.0,
            "max": 2992.0,
            "count": 3
        },
        "Crawler.Policy.ExtrinsicValueEstimate.mean": {
            "value": 2.095184564590454,
            "min": 1.9323643445968628,
            "max": 2.158156156539917,
            "count": 3
        },
        "Crawler.Policy.ExtrinsicValueEstimate.sum": {
            "value": 249.3269500732422,
            "min": 229.95135498046875,
            "max": 254.66241455078125,
            "count": 3
        },
        "Crawler.Environment.CumulativeReward.mean": {
            "value": -0.9997175120505966,
            "min": -0.9997175120505966,
            "max": -0.9494060217833319,
            "count": 3
        },
        "Crawler.Environment.CumulativeReward.sum": {
            "value": -118.966383934021,
            "min": -118.966383934021,
            "max": -112.97931659221649,
            "count": 3
        },
        "Crawler.Policy.ExtrinsicReward.mean": {
            "value": -0.9997175120505966,
            "min": -0.9997175120505966,
            "max": -0.9494060217833319,
            "count": 3
        },
        "Crawler.Policy.ExtrinsicReward.sum": {
            "value": -118.966383934021,
            "min": -118.966383934021,
            "max": -112.97931659221649,
            "count": 3
        },
        "Crawler.IsTraining.mean": {
            "value": 1.0,
            "min": 1.0,
            "max": 1.0,
            "count": 3
        },
        "Crawler.IsTraining.sum": {
            "value": 1.0,
            "min": 1.0,
            "max": 1.0,
            "count": 3
        },
        "Worm.Environment.CumulativeReward.mean": {
            "value": 221.18423652648926,
            "min": 51.29266804456711,
            "max": 221.18423652648926,
            "count": 2
        },
        "Worm.Environment.CumulativeReward.sum": {
            "value": 221.18423652648926,
            "min": 221.18423652648926,
            "max": 256.46334022283554,
            "count": 2
        },
        "Worm.Policy.ExtrinsicReward.mean": {
            "value": 221.18423652648926,
            "min": 51.29266804456711,
            "max": 221.18423652648926,
            "count": 2
        },
        "Worm.Policy.ExtrinsicReward.sum": {
            "value": 221.18423652648926,
            "min": 221.18423652648926,
            "max": 256.46334022283554,
            "count": 2
        }
    },
    "metadata": {
        "timer_format_version": "0.1.0",
        "start_time_seconds": "1763512151",
        "python_version": "3.10.12 | packaged by Anaconda, Inc. | (main, Jul  5 2023, 19:01:18) [MSC v.1916 64 bit (AMD64)]",
        "command_line_arguments": "C:\\Users\\dekum\\miniconda3\\envs\\mlagents\\Scripts\\mlagents-learn config/tagEnvV2.yaml --run-id=RLEnv2 --no-graphics --env=C:\\Users\\dekum\\OneDrive\\Escritorio\\Trabajo\\Proyecto_RL\\builds\\build_V1\\My project.exe --torch-device cuda --force",
        "mlagents_version": "1.2.0.dev0",
        "mlagents_envs_version": "1.2.0.dev0",
        "communication_protocol_version": "1.5.0",
        "pytorch_version": "2.5.1+cu121",
        "numpy_version": "1.23.5",
        "end_time_seconds": "1763512177"
    },
    "total": 25.84787320002215,
    "count": 1,
    "self": 0.12351539998780936,
    "children": {
        "run_training.setup": {
            "total": 0.07932360001723282,
            "count": 1,
            "self": 0.07932360001723282
        },
        "TrainerController.start_learning": {
            "total": 25.645034200017108,
            "count": 1,
            "self": 0.045133799460018054,
            "children": {
                "TrainerController._reset_env": {
                    "total": 4.068885499989847,
                    "count": 1,
                    "self": 4.068885499989847
                },
                "TrainerController.advance": {
                    "total": 21.41645340056857,
                    "count": 3502,
                    "self": 0.054404802445787936,
                    "children": {
                        "env_step": {
                            "total": 19.999940499430522,
                            "count": 3502,
                            "self": 8.62231209987658,
                            "children": {
                                "SubprocessEnvManager._take_step": {
                                    "total": 11.351053900260013,
                                    "count": 3502,
                                    "self": 0.22818790006567724,
                                    "children": {
                                        "TorchPolicy.evaluate": {
                                            "total": 11.122866000194335,
                                            "count": 6388,
                                            "self": 11.122866000194335
                                        }
                                    }
                                },
                                "workers": {
                                    "total": 0.026574499293928966,
                                    "count": 3502,
                                    "self": 0.0,