{
    "name": "root",
    "gauges": {
        "Crawler.Policy.Entropy.mean": {
            "value": 1.3403594493865967,
            "min": 1.3403593301773071,
            "max": 1.3940489292144775,
            "count": 1002
        },
        "Crawler.Policy.Entropy.sum": {
            "value": 1325.615478515625,
            "min": 690.995849609375,
            "max": 1475.38525390625,
            "count": 1002
        },
        "Crawler.Environment.EpisodeLength.mean": {
            "value": 94.72727272727273,
            "min": 33.0,
            "max": 999.0,
            "count": 1001
        },
        "Crawler.Environment.EpisodeLength.sum": {
            "value": 1042.0,
            "min": 33.0,
            "max": 1882.0,
            "count": 1001
        },
        "Crawler.Step.mean": {
            "value": 1266996.0,
            "min": 265975.0,
            "max": 1266996.0,
            "count": 1002
        },
        "Crawler.Step.sum": {
            "value": 1266996.0,
            "min": 265975.0,
            "max": 1266996.0,
            "count": 1002
        },
        "Crawler.Policy.ExtrinsicValueEstimate.mean": {
            "value": 11.98714542388916,
            "min": 1.610608458518982,
            "max": 12.547679901123047,
            "count": 1002
        },
        "Crawler.Policy.ExtrinsicValueEstimate.sum": {
            "value": 239.74290466308594,
            "min": 18.569564819335938,
            "max": 267.78643798828125,
            "count": 1002
        },
        "Crawler.Environment.CumulativeReward.mean": {
            "value": 33.17469696998596,
            "min": 4.98512864112854,
            "max": 66.12862384319305,
            "count": 1002
        },
        "Crawler.Environment.CumulativeReward.sum": {
            "value": 331.7469696998596,
            "min": 7.6137378215789795,
            "max": 367.0315327644348,
            "count": 1002
        },
        "Crawler.Policy.ExtrinsicReward.mean": {
            "value": 33.17469696998596,
            "min": 4.98512864112854,
            "max": 66.12862384319305,
            "count": 1002
        },
        "Crawler.Policy.ExtrinsicReward.sum": {
            "value": 331.7469696998596,
            "min": 7.6137378215789795,
            "max": 367.0315327644348,
            "count": 1002
        },
        "Crawler.IsTraining.mean": {
            "value": 1.0,
            "min": 1.0,
            "max": 1.0,
            "count": 1002
        },
        "Crawler.IsTraining.sum": {
            "value": 1.0,
            "min": 1.0,
            "max": 1.0,
            "count": 1002
        },
        "Crawler.Losses.PolicyLoss.mean": {
            "value": 0.023180766213530053,
            "min": 0.011971365761322279,
            "max": 0.030897855345877665,
            "count": 97
        },
        "Crawler.Losses.PolicyLoss.sum": {
            "value": 0.023180766213530053,
            "min": 0.011971365761322279,
            "max": 0.030897855345877665,
            "count": 97
        },
        "Crawler.Losses.ValueLoss.mean": {
            "value": 0.6242525011301041,
            "min": 0.12828685070077578,
            "max": 1.56298824151357,
            "count": 97
        },
        "Crawler.Losses.ValueLoss.sum": {
            "value": 0.6242525011301041,
            "min": 0.12828685070077578,
            "max": 1.56298824151357,
            "count": 97
        },
        "Crawler.Policy.LearningRate.mean": {
            "value": 0.0002621495226168299,
            "min": 0.0002621495226168299,
            "max": 0.0002917253127582301,
            "count": 97
        },
        "Crawler.Policy.LearningRate.sum": {
            "value": 0.0002621495226168299,
            "min": 0.0002621495226168299,
            "max": 0.0002917253127582301,
            "count": 97
        },
        "Crawler.Policy.Epsilon.mean": {
            "value": 0.18738317000000007,
            "min": 0.18738317000000007,
            "max": 0.19724176999999996,
            "count": 97
        },
        "Crawler.Policy.Epsilon.sum": {
            "value": 0.18738317000000007,
            "min": 0.18738317000000007,
            "max": 0.19724176999999996,
            "count": 97
        },
        "Crawler.Policy.Beta.mean": {
            "value": 0.0043704201829999996,
            "min": 0.0043704201829999996,
            "max": 0.004862364322999999,
            "count": 97
        },
        "Crawler.Policy.Beta.sum": {
            "value": 0.0043704201829999996,
            "min": 0.0043704201829999996,
            "max": 0.004862364322999999,
            "count": 97
        }
    },
    "metadata": {
        "timer_format_version": "0.1.0",
        "start_time_seconds": "1763834786",
        "python_version": "3.10.12 | packaged by Anaconda, Inc. | (main, Jul  5 2023, 19:01:18) [MSC v.1916 64 bit (AMD64)]",
        "command_line_arguments": "C:\\Users\\dekum\\miniconda3\\envs\\mlagents\\Scripts\\mlagents-learn config/soloCrawler.yaml --run-id=soloCrawlerAndar --no-graphics --env=C:\\Users\\dekum\\OneDrive\\Escritorio\\Trabajo\\Proyecto_RL\\builds\\build_V1\\My project.exe --resume",
        "mlagents_version": "1.2.0.dev0",
        "mlagents_envs_version": "1.2.0.dev0",
        "communication_protocol_version": "1.5.0",
        "pytorch_version": "2.5.1+cu121",
        "numpy_version": "1.23.5",
        "end_time_seconds": "1763842315"
    },
    "total": 7528.5855595999965,
    "count": 1,
    "self": 0.3295263999934832,
    "children": {
        "run_training.setup": {
            "total": 0.08370619999914197,
            "count": 1,
            "self": 0.08370619999914197
        },
        "TrainerController.start_learning": {
            "total": 7528.172327000004,
            "count": 1,
            "self": 17.92971760446744,
            "children": {
                "TrainerController._reset_env": {
                    "total": 4.410740699997405,
                    "count": 1,
                    "self": 4.410740699997405
                },
                "TrainerController.advance": {
                    "total": 7505.772978995548,
                    "count": 1007836,
                    "self": 15.817815594080457,
                    "children": {
                        "env_step": {
                            "total": 7109.574905200658,
                            "count": 1007836,
                            "self": 2947.2541689973405,
                            "children": {
                                "SubprocessEnvManager._take_step": {
                                    "total": 4151.26042050256,
                                    "count": 1007836,
                                    "self": 55.18313490240325,
                                    "children": {
                                        "TorchPolicy.evaluate": {
                                            "total": 4096.077285600157,
                                            "count": 1001905,
                                            "self": 4096.077285600157
                                        }
                                    }
                                },
                                "workers": {
                                    "total": 11.0603157007572,
                                    "count": 1007835,
                                    "self": 0.0,
                                    "children": {
                                        "worker_root": {
                                            "total": 7499.069956800387,
                                            "count": 1007835,
                                            "is_parallel": true,
                                            "self": 5419.351427002188,
                                            "children": {
                                                "steps_from_proto": {
                                                    "total": 0.0002750000021478627,