{
    "name": "root",
    "gauges": {
        "Crawler.Policy.Entropy.mean": {
            "value": 1.400036096572876,
            "min": 1.400036096572876,
            "max": 1.4203821420669556,
            "count": 455
        },
        "Crawler.Policy.Entropy.sum": {
            "value": 1400.0361328125,
            "min": 1319.1004638671875,
            "max": 1489.788818359375,
            "count": 455
        },
        "Crawler.Environment.EpisodeLength.mean": {
            "value": 999.0,
            "min": 4.77456647398844,
            "max": 999.0,
            "count": 453
        },
        "Crawler.Environment.EpisodeLength.sum": {
            "value": 999.0,
            "min": 41.0,
            "max": 1958.0,
            "count": 453
        },
        "Crawler.Step.mean": {
            "value": 454936.0,
            "min": 997.0,
            "max": 454936.0,
            "count": 455
        },
        "Crawler.Step.sum": {
            "value": 454936.0,
            "min": 997.0,
            "max": 454936.0,
            "count": 455
        },
        "Crawler.Policy.ExtrinsicValueEstimate.mean": {
            "value": 4.879606246948242,
            "min": -0.8037150502204895,
            "max": 4.932958602905273,
            "count": 455
        },
        "Crawler.Policy.ExtrinsicValueEstimate.sum": {
            "value": 78.07369995117188,
            "min": -133.60067749023438,
            "max": 120.36494445800781,
            "count": 455
        },
        "Crawler.Environment.CumulativeReward.mean": {
            "value": 51.2940399646759,
            "min": -0.6952168176628951,
            "max": 52.369616746902466,
            "count": 455
        },
        "Crawler.Environment.CumulativeReward.sum": {
            "value": 51.2940399646759,
            "min": -120.81637972593307,
            "max": 96.44690692424774,
            "count": 455
        },
        "Crawler.Policy.ExtrinsicReward.mean": {
            "value": 51.2940399646759,
            "min": -0.6952168176628951,
            "max": 52.369616746902466,
            "count": 455
        },
        "Crawler.Policy.ExtrinsicReward.sum": {
            "value": 51.2940399646759,
            "min": -120.81637972593307,
            "max": 96.44690692424774,
            "count": 455
        },
        "Crawler.IsTraining.mean": {
            "value": 1.0,
            "min": 1.0,
            "max": 1.0,
            "count": 455
        },
        "Crawler.IsTraining.sum": {
            "value": 1.0,
            "min": 1.0,
            "max": 1.0,
            "count": 455
        },
        "Crawler.Losses.PolicyLoss.mean": {
            "value": 0.023154875063725436,
            "min": 0.01826104530094502,
            "max": 0.03353991029143799,
            "count": 44
        },
        "Crawler.Losses.PolicyLoss.sum": {
            "value": 0.023154875063725436,
            "min": 0.01826104530094502,
            "max": 0.03353991029143799,
            "count": 44
        },
        "Crawler.Losses.ValueLoss.mean": {
            "value": 0.05764901355529825,
            "min": 0.0027087673777714373,
            "max": 0.2883087918162346,
            "count": 44
        },
        "Crawler.Losses.ValueLoss.sum": {
            "value": 0.05764901355529825,
            "min": 0.0027087673777714373,
            "max": 0.2883087918162346,
            "count": 44
        },
        "Crawler.Policy.LearningRate.mean": {
            "value": 0.0002864476845174399,
            "min": 0.0002864476845174399,
            "max": 0.00029969265010244996,
            "count": 44
        },
        "Crawler.Policy.LearningRate.sum": {
            "value": 0.0002864476845174399,
            "min": 0.0002864476845174399,
            "max": 0.00029969265010244996,
            "count": 44
        },
        "Crawler.Policy.Epsilon.mean": {
            "value": 0.19548256000000006,
            "min": 0.19548256000000006,
            "max": 0.19989755000000006,
            "count": 44
        },
        "Crawler.Policy.Epsilon.sum": {
            "value": 0.19548256000000006,
            "min": 0.19548256000000006,
            "max": 0.19989755000000006,
            "count": 44
        },
        "Crawler.Policy.Beta.mean": {
            "value": 0.004774579744,
            "min": 0.004774579744,
            "max": 0.004994887745000001,
            "count": 44
        },
        "Crawler.Policy.Beta.sum": {
            "value": 0.004774579744,
            "min": 0.004774579744,
            "max": 0.004994887745000001,
            "count": 44
        }
    },
    "metadata": {
        "timer_format_version": "0.1.0",
        "start_time_seconds": "1763827950",
        "python_version": "3.10.12 | packaged by Anaconda, Inc. | (main, Jul  5 2023, 19:01:18) [MSC v.1916 64 bit (AMD64)]",
        "command_line_arguments": "C:\\Users\\dekum\\miniconda3\\envs\\mlagents\\Scripts\\mlagents-learn config/soloCrawler.yaml --run-id=soloCrawler --no-graphics --env=C:\\Users\\dekum\\OneDrive\\Escritorio\\Trabajo\\Proyecto_RL\\builds\\build_V1\\My project.exe --torch-device cuda --force",
        "mlagents_version": "1.2.0.dev0",
        "mlagents_envs_version": "1.2.0.dev0",
        "communication_protocol_version": "1.5.0",
        "pytorch_version": "2.5.1+cu121",
        "numpy_version": "1.23.5",
        "end_time_seconds": "1763830896"
    },
    "total": 2946.5011309,
    "count": 1,
    "self": 4.218628600003285,
    "children": {
        "run_training.setup": {
            "total": 0.08052939999834052,
            "count": 1,
            "self": 0.08052939999834052
        },
        "TrainerController.start_learning": {
            "total": 2942.2019728999985,
            "count": 1,
            "self": 7.422038201981195,
            "children": {
                "TrainerController._reset_env": {
                    "total": 4.27336060000016,
                    "count": 1,
                    "self": 4.27336060000016
                },
                "TrainerController.advance": {
                    "total": 2930.4168896980154,
                    "count": 466106,
                    "self": 6.756461600543844,
                    "children": {
                        "env_step": {
                            "total": 2724.892783197596,
                            "count": 466106,
                            "self": 1185.1519544978328,
                            "children": {
                                "SubprocessEnvManager._take_step": {
                                    "total": 1534.9373349999987,
                                    "count": 466106,
                                    "self": 21.59122479983489,
                                    "children": {
                                        "TorchPolicy.evaluate": {
                                            "total": 1513.3461102001638,
                                            "count": 455256,
                                            "self": 1513.3461102001638
                                        }
                                    }
                                },
                                "workers": {
                                    "total": 4.803493699764658,
                                    "count": 466105,
                                    "self": 0.0,
                                    "children": {
                                        "worker_root": {
                                            "total": 2928.0968019987777,
                                            "count": 466105,
                                            "is_parallel": true,
                                            "self": 2100.109642798405,
                                            "children": {
                                                "steps_from_proto": {
                                                    "total": 0.00028080000265617855,